source,headline
NBC News,Amy Poehler and Tina Fey to host 2021 Golden Globes
NBC News,Harry and Meghan's future to be discussed by royals on Monday
NBC News,Protests erupt in Iran over plane's downing that killed 176
NBC News,4 dead in Louisiana and Texas as severe storm sweeps through the South
NBC News,Everyday Australians step up as relentless wildfires push country to the brink
NBC News,Quake-stunned Puerto Rico hit by another 6.0-magnitude shock
NBC News,The Equal Rights Amendment could soon hit a major milestone. It may be 40 years too late.
NBC News,"Carbon monoxide leaks leave Durham, N.C., public housing residents fearing for their safety"
NBC News,Why Jerusalem's ancient past is once again the battleground for its future
NBC News,When will Trump's Senate trial start and how long will it last? The picture begins to take shape.
NBC News,Chiefs beat Texans in a high-scoring comeback to advance to AFC title game
NBC News,Time-lapse video shows lightning striking during Taal Volcano eruption in the Philippines
NBC News,Esper said he 'didn't see' intelligence backing up Trump claim Iran was preparing to attack 4 embassies
NBC News,"What ""Little Women"" can teach us about the power of sisterhood"
NBC News,Geopolitical 'Jeopardy!': Game show faces criticism after wading into Mideast conflict
NBC News,Flushing '10 times!' What's really behind Trump's tirades about toilets
NBC News,Change in food stamp work requirements leaves states scrambling to limit fallout
NBC News,Harry and Meghan's 'progressive role' would still rely on British taxpayer millions
NBC News,Sunday Suppers: This roast beef dinner with crispy Parmesan potatoes will make your mom proud
NBC News,Trump turns focus to Sanders as senator holds steady near top of the Democratic pack
NBC News,'No earthly idea': Who will win the Iowa caucuses? 5 keys to victory.
NBC News,"Queen, senior royals set to discuss Harry and Meghan's future role"
NBC News,"Philippines' Taal volcano erupts, forces thousands to flee"
NBC News,How Chief Justice John Roberts would preside over the politically charged Trump impeachment trial
NBC News,"Trump authorized Soleimani's killing 7 months ago, with conditions"
NBC News,"Ten years after a CIA operation in Afghanistan went wrong, a slain agent's family celebrates his memory"
NBC News,"FMIA Divisional: Aaron Rodgers Isnâ€™t Finished, And Neither Is GreenÂ Bay"
NBC News,"Supreme Court won't hear appeal of Michelle Carter, convicted of encouraging boyfriend's suicide with text messages"
NBC News,"Oscar nominations: 'Joker' leads the pack with 11 nods, including best picture"
NBC News,"'Sad, worried, inconsolable': Earthquakes trigger anxiety in Puerto Rico, post-Hurricane Maria"
NBC News,Alaska man was stranded in subzero temperatures for more than 20 days
NBC News,Noncompete agreements allow bosses to chain workers to their jobs. We need to free them.
NBC News,Titans stun Ravens 28-12 behind Derrick Henry to reach AFC titleÂ game
NBC News,Flushing '10 times': What's really behind Trump's tirades about toilets
NBC News,Former Ohio State fencing coach sounded alarm on abusive doctor decades ago
NBC News,"For transgender men, pain of menstruation is more than just physical"
NBC News,Death toll rises to at least 11 from severe storm sweeping through the South
NBC News,California governor seeks $1.4 billion to combat homelessness as crisis grows
NBC News,"Kerry defends Biden on Iraq War, says Bush administration 'broke their word'"
NBC News,Trump says Roger Stone has 'very good chance of exoneration' hours after sentencing
NBC News,Who won the Democratic debate in Las Vegas?
NBC News,"South Korea reports first coronavirus death as infections linked to church rise A woman with the virus attended a church service, potentially spreading the illness to dozens."
NBC News,"Indiana overpass engulfed in flames after tanker truck overturns The semi's driver reportedly suffered serious burns after the tanker carrying fuel overturned, sparking a fire that overtook an overpass ramp."
NBC News,Bleed you out' like a pig: Feds bust man for threatening Trump whistleblower lawyer Brittan J. Atkinson allegedly emailed a menacing message to attorney Mark Zaid the day after Trump ripped into the Washington lawyer at a rally in Louisiana.
NBC News,"Pigeons with 'Make America Great Again' hats glued to their head released in Las Vegas  Vegas
A group calling itself P.U.T.I.N, ""Pigeons United To Interfere Now,"" claimed responsibility for the stunt with the MAGA-hat-wearing birds."
NBC News,"Amie Harwick's brother slams Wendy Williams for making joke about her death Harwick, a well-known therapist, died over the weekend after her ex-boyfriend allegedly threw her over the balcony of her Hollywood Hills apartment."
NBC News,"Computer scientist Larry Tesler, who pioneered 'copy' and 'paste,' has died  At Apple, Tessler worked on a variety of products including the Lisa computer, the Newton personal digital assistant and the Macintosh."
NBC News,"Woman killed by Mardi Gras float in New Orleans was possibly reaching for beads, police say The woman was hit during the Krewe of Nyx parade, an all-female Mardis Grad krewe, marches annually on the Wednesday before Fat Tuesday."
NBC News,"Fans speculate whether Pop Smoke's social media posts made him a target  Pop Smoke's address was visible in one of his final social media posts, causing some to question whether someone used the post to locate and target him."
